inspection_id,inspection_date,site_id,inspector_id
SI-2025-0001,2025-01-01,20,3
SI-2025-0002,2025-01-01,1,5
SI-2025-0003,2025-01-02,20,3
SI-2025-0004,2025-01-02,6,7
SI-2025-0005,2025-01-02,15,5
SI-2025-0006,2025-01-03,7,5
SI-2025-0007,2025-01-03,39,4
SI-2025-0008,2025-01-03,36,4
SI-2025-0009,2025-01-06,18,4
SI-2025-0010,2025-01-06,17,5
SI-2025-0011,2025-01-08,3,5
SI-2025-0012,2025-01-10,25,4
SI-2025-0013,2025-01-13,39,6
SI-2025-0014,2025-01-14,28,2
SI-2025-0015,2025-01-14,24,3
SI-2025-0016,2025-01-14,9,1
SI-2025-0017,2025-01-14,36,5
SI-2025-0018,2025-01-14,5,1
SI-2025-0019,2025-01-15,40,3
SI-2025-0020,2025-01-16,38,3
SI-2025-0021,2025-01-16,38,5
SI-2025-0022,2025-01-16,26,2
SI-2025-0023,2025-01-16,16,5
SI-2025-0024,2025-01-17,25,7
SI-2025-0025,2025-01-17,34,2
SI-2025-0026,2025-01-20,11,5
SI-2025-0027,2025-01-20,12,2
SI-2025-0028,2025-01-21,28,2
SI-2025-0029,2025-01-21,11,1
SI-2025-0030,2025-01-21,8,1
SI-2025-0031,2025-01-21,34,1
SI-2025-0032,2025-01-21,16,7
SI-2025-0033,2025-01-21,27,7
SI-2025-0034,2025-01-22,19,4
SI-2025-0035,2025-01-22,18,4
SI-2025-0036,2025-01-22,26,1
SI-2025-0037,2025-01-23,6,7
SI-2025-0038,2025-01-23,1,1
SI-2025-0039,2025-01-23,15,1
SI-2025-0040,2025-01-24,29,1
SI-2025-0041,2025-01-24,5,3
SI-2025-0042,2025-01-24,35,6
SI-2025-0043,2025-01-27,13,3
SI-2025-0044,2025-01-28,13,6
SI-2025-0045,2025-01-29,14,3
SI-2025-0046,2025-01-29,24,6
SI-2025-0047,2025-01-30,22,6
SI-2025-0048,2025-01-30,22,4
SI-2025-0049,2025-01-31,19,3
SI-2025-0050,2025-01-31,9,1
SI-2025-0051,2025-01-31,2,1
SI-2025-0052,2025-01-31,35,6
SI-2025-0053,2025-02-03,19,7
SI-2025-0054,2025-02-03,31,5
SI-2025-0055,2025-02-03,11,4
SI-2025-0056,2025-02-03,24,3
SI-2025-0057,2025-02-05,24,4
SI-2025-0058,2025-02-05,36,7
SI-2025-0059,2025-02-07,35,1
SI-2025-0060,2025-02-10,22,4
SI-2025-0061,2025-02-10,12,5
SI-2025-0062,2025-02-10,3,1
SI-2025-0063,2025-02-11,38,1
SI-2025-0064,2025-02-11,4,6
SI-2025-0065,2025-02-13,37,3
SI-2025-0066,2025-02-13,41,3
SI-2025-0067,2025-02-13,21,5
SI-2025-0068,2025-02-14,16,2
SI-2025-0069,2025-02-14,36,4
SI-2025-0070,2025-02-17,30,3
SI-2025-0071,2025-02-18,23,4
SI-2025-0072,2025-02-18,15,6
SI-2025-0073,2025-02-19,18,4
SI-2025-0074,2025-02-19,39,1
SI-2025-0075,2025-02-19,26,6
SI-2025-0076,2025-02-19,26,5
SI-2025-0077,2025-02-19,9,1
SI-2025-0078,2025-02-20,37,4
SI-2025-0079,2025-02-20,41,5
SI-2025-0080,2025-02-20,1,6
SI-2025-0081,2025-02-21,38,4
SI-2025-0082,2025-02-21,17,1
SI-2025-0083,2025-02-21,23,5
SI-2025-0084,2025-02-24,32,7
SI-2025-0085,2025-02-25,10,5
SI-2025-0086,2025-02-25,25,4
SI-2025-0087,2025-02-25,17,2
SI-2025-0088,2025-02-25,42,4
SI-2025-0089,2025-02-25,35,6
SI-2025-0090,2025-02-26,19,4
SI-2025-0091,2025-02-27,7,7
SI-2025-0092,2025-02-27,7,7
SI-2025-0093,2025-02-27,5,1
SI-2025-0094,2025-02-28,14,3
SI-2025-0095,2025-02-28,1,7
SI-2025-0096,2025-02-28,16,6
SI-2025-0097,2025-02-28,9,5
SI-2025-0098,2025-02-28,21,6
SI-2025-0099,2025-03-03,6,1
SI-2025-0100,2025-03-03,28,2
SI-2025-0101,2025-03-03,19,6
SI-2025-0102,2025-03-04,20,4
SI-2025-0103,2025-03-04,7,1
SI-2025-0104,2025-03-04,33,3
SI-2025-0105,2025-03-04,4,7
SI-2025-0106,2025-03-05,3,7
SI-2025-0107,2025-03-06,33,6
SI-2025-0108,2025-03-07,4,1
SI-2025-0109,2025-03-07,23,7
SI-2025-0110,2025-03-07,23,2
SI-2025-0111,2025-03-07,2,1
SI-2025-0112,2025-03-10,22,5
SI-2025-0113,2025-03-11,31,4
SI-2025-0114,2025-03-11,5,7
SI-2025-0115,2025-03-12,20,7
SI-2025-0116,2025-03-12,8,7
SI-2025-0117,2025-03-12,32,6
SI-2025-0118,2025-03-13,39,3
SI-2025-0119,2025-03-14,28,3
SI-2025-0120,2025-03-14,5,7
SI-2025-0121,2025-03-17,22,7
SI-2025-0122,2025-03-17,37,7
SI-2025-0123,2025-03-17,1,1
SI-2025-0124,2025-03-17,35,6
SI-2025-0125,2025-03-18,13,2
SI-2025-0126,2025-03-18,11,5
SI-2025-0127,2025-03-18,1,7
SI-2025-0128,2025-03-18,21,7
SI-2025-0129,2025-03-19,31,2
SI-2025-0130,2025-03-19,35,1
SI-2025-0131,2025-03-20,34,2
SI-2025-0132,2025-03-20,27,2
SI-2025-0133,2025-03-20,36,1
SI-2025-0134,2025-03-21,7,3
SI-2025-0135,2025-03-24,11,3
SI-2025-0136,2025-03-24,16,7
SI-2025-0137,2025-03-24,40,3
SI-2025-0138,2025-03-24,17,7
SI-2025-0139,2025-03-25,6,7
SI-2025-0140,2025-03-25,25,3
SI-2025-0141,2025-03-26,25,5
SI-2025-0142,2025-03-26,40,3
SI-2025-0143,2025-03-26,21,6
SI-2025-0144,2025-03-26,36,2
SI-2025-0145,2025-03-27,17,5
SI-2025-0146,2025-03-28,19,4
SI-2025-0147,2025-03-31,14,2
SI-2025-0148,2025-03-31,37,6
SI-2025-0149,2025-04-01,19,7
SI-2025-0150,2025-04-01,8,4
SI-2025-0151,2025-04-01,24,6
SI-2025-0152,2025-04-01,3,1
SI-2025-0153,2025-04-01,15,5
SI-2025-0154,2025-04-02,28,5
SI-2025-0155,2025-04-02,24,5
SI-2025-0156,2025-04-02,33,3
SI-2025-0157,2025-04-04,20,7
SI-2025-0158,2025-04-04,11,4
SI-2025-0159,2025-04-04,23,4
SI-2025-0160,2025-04-07,27,3
SI-2025-0161,2025-04-07,40,3
SI-2025-0162,2025-04-09,14,5
SI-2025-0163,2025-04-09,10,2
SI-2025-0164,2025-04-09,21,4
SI-2025-0165,2025-04-09,3,7
SI-2025-0166,2025-04-09,36,3
SI-2025-0167,2025-04-10,5,1
SI-2025-0168,2025-04-11,11,4
SI-2025-0169,2025-04-11,4,5
SI-2025-0170,2025-04-14,30,3
SI-2025-0171,2025-04-15,14,3
SI-2025-0172,2025-04-16,29,1
SI-2025-0173,2025-04-16,7,5
SI-2025-0174,2025-04-16,23,4
SI-2025-0175,2025-04-17,7,2
SI-2025-0176,2025-04-17,17,4
SI-2025-0177,2025-04-18,18,5
SI-2025-0178,2025-04-18,1,7
SI-2025-0179,2025-04-18,36,6
SI-2025-0180,2025-04-21,29,1
SI-2025-0181,2025-04-21,20,6
SI-2025-0182,2025-04-21,33,1
SI-2025-0183,2025-04-22,25,4
SI-2025-0184,2025-04-23,1,7
SI-2025-0185,2025-04-25,2,4
SI-2025-0186,2025-04-28,4,1
SI-2025-0187,2025-04-29,21,4
SI-2025-0188,2025-04-29,35,6
SI-2025-0189,2025-04-30,13,5
SI-2025-0190,2025-04-30,30,2
SI-2025-0191,2025-04-30,17,4
SI-2025-0192,2025-05-01,14,4
SI-2025-0193,2025-05-01,33,4
SI-2025-0194,2025-05-02,19,4
SI-2025-0195,2025-05-02,39,3
SI-2025-0196,2025-05-02,5,1
SI-2025-0197,2025-05-05,41,7
SI-2025-0198,2025-05-05,21,4
SI-2025-0199,2025-05-06,25,4
SI-2025-0200,2025-05-06,16,5
SI-2025-0201,2025-05-06,4,4
SI-2025-0202,2025-05-07,38,1
SI-2025-0203,2025-05-07,11,5
SI-2025-0204,2025-05-07,11,5
SI-2025-0205,2025-05-07,12,5
SI-2025-0206,2025-05-08,16,4
SI-2025-0207,2025-05-08,42,3
SI-2025-0208,2025-05-09,13,5
SI-2025-0209,2025-05-09,31,3
SI-2025-0210,2025-05-09,1,7
SI-2025-0211,2025-05-09,3,7
SI-2025-0212,2025-05-12,22,3
SI-2025-0213,2025-05-12,15,2
SI-2025-0214,2025-05-13,40,2
SI-2025-0215,2025-05-15,20,4
SI-2025-0216,2025-05-15,19,2
SI-2025-0217,2025-05-15,40,3
SI-2025-0218,2025-05-16,22,4
SI-2025-0219,2025-05-19,24,3
SI-2025-0220,2025-05-19,9,6
SI-2025-0221,2025-05-20,28,2
SI-2025-0222,2025-05-21,29,5
SI-2025-0223,2025-05-21,31,2
SI-2025-0224,2025-05-21,30,2
SI-2025-0225,2025-05-22,17,7
SI-2025-0226,2025-05-22,15,1
SI-2025-0227,2025-05-23,29,2
SI-2025-0228,2025-05-23,14,5
SI-2025-0229,2025-05-23,41,4
SI-2025-0230,2025-05-23,1,4
SI-2025-0231,2025-05-23,24,4
SI-2025-0232,2025-05-23,33,4
SI-2025-0233,2025-05-26,27,4
SI-2025-0234,2025-05-26,5,6
SI-2025-0235,2025-05-27,20,4
SI-2025-0236,2025-05-27,26,2
SI-2025-0237,2025-05-28,17,2
SI-2025-0238,2025-05-29,38,1
SI-2025-0239,2025-05-29,28,2
SI-2025-0240,2025-05-29,26,1
SI-2025-0241,2025-05-30,25,5
SI-2025-0242,2025-06-02,28,6
SI-2025-0243,2025-06-02,21,6
SI-2025-0244,2025-06-02,17,1
SI-2025-0245,2025-06-02,23,4
SI-2025-0246,2025-06-02,15,5
SI-2025-0247,2025-06-03,22,1
SI-2025-0248,2025-06-03,6,7
SI-2025-0249,2025-06-03,34,6
SI-2025-0250,2025-06-04,8,4
SI-2025-0251,2025-06-06,1,1
SI-2025-0252,2025-06-06,4,3
SI-2025-0253,2025-06-09,33,7
SI-2025-0254,2025-06-09,16,5
SI-2025-0255,2025-06-09,27,7
SI-2025-0256,2025-06-09,40,3
SI-2025-0257,2025-06-09,9,3
SI-2025-0258,2025-06-10,7,7
SI-2025-0259,2025-06-10,4,5
SI-2025-0260,2025-06-11,8,7
SI-2025-0261,2025-06-12,31,2
SI-2025-0262,2025-06-16,19,1
SI-2025-0263,2025-06-16,37,7
SI-2025-0264,2025-06-17,14,2
SI-2025-0265,2025-06-17,41,5
SI-2025-0266,2025-06-17,16,5
SI-2025-0267,2025-06-18,19,4
SI-2025-0268,2025-06-18,39,3
SI-2025-0269,2025-06-18,9,1
SI-2025-0270,2025-06-18,36,6
SI-2025-0271,2025-06-19,13,6
SI-2025-0272,2025-06-19,31,2
SI-2025-0273,2025-06-19,5,1
SI-2025-0274,2025-06-20,28,6
SI-2025-0275,2025-06-20,32,3
SI-2025-0276,2025-06-20,12,3
SI-2025-0277,2025-06-23,34,7
SI-2025-0278,2025-06-23,42,3
SI-2025-0279,2025-06-24,14,6
SI-2025-0280,2025-06-24,5,1
SI-2025-0281,2025-06-24,35,2
SI-2025-0282,2025-06-25,11,7
SI-2025-0283,2025-06-25,1,1
SI-2025-0284,2025-06-25,21,4
SI-2025-0285,2025-06-25,36,4
SI-2025-0286,2025-06-26,6,2
SI-2025-0287,2025-06-26,39,2
SI-2025-0288,2025-06-26,3,7
SI-2025-0289,2025-06-26,15,2
SI-2025-0290,2025-06-27,41,5
SI-2025-0291,2025-06-27,3,2
SI-2025-0292,2025-06-30,33,4
SI-2025-0293,2025-07-01,6,7
SI-2025-0294,2025-07-01,19,4
SI-2025-0295,2025-07-01,24,7
SI-2025-0296,2025-07-01,17,6
SI-2025-0297,2025-07-01,2,1
SI-2025-0298,2025-07-02,15,5
SI-2025-0299,2025-07-03,38,7
SI-2025-0300,2025-07-03,28,2
SI-2025-0301,2025-07-03,33,6
SI-2025-0302,2025-07-03,35,6
SI-2025-0303,2025-07-04,19,5
SI-2025-0304,2025-07-04,30,6
SI-2025-0305,2025-07-04,34,6
SI-2025-0306,2025-07-07,9,7
SI-2025-0307,2025-07-07,4,7
SI-2025-0308,2025-07-08,22,4
SI-2025-0309,2025-07-09,14,3
SI-2025-0310,2025-07-09,1,3
SI-2025-0311,2025-07-10,31,2
SI-2025-0312,2025-07-10,24,4
SI-2025-0313,2025-07-10,5,7
SI-2025-0314,2025-07-11,14,5
SI-2025-0315,2025-07-14,41,3
SI-2025-0316,2025-07-15,27,6
SI-2025-0317,2025-07-16,8,3
SI-2025-0318,2025-07-16,2,4
SI-2025-0319,2025-07-17,5,7
SI-2025-0320,2025-07-21,29,2
SI-2025-0321,2025-07-21,7,7
SI-2025-0322,2025-07-21,10,5
SI-2025-0323,2025-07-21,37,6
SI-2025-0324,2025-07-21,37,2
SI-2025-0325,2025-07-21,1,7
SI-2025-0326,2025-07-22,15,1
SI-2025-0327,2025-07-23,33,6
SI-2025-0328,2025-07-24,13,5
SI-2025-0329,2025-07-24,11,2
SI-2025-0330,2025-07-24,17,6
SI-2025-0331,2025-07-25,11,3
SI-2025-0332,2025-07-28,38,3
SI-2025-0333,2025-07-28,31,2
SI-2025-0334,2025-07-28,18,2
SI-2025-0335,2025-07-29,8,7
SI-2025-0336,2025-07-30,22,3
SI-2025-0337,2025-07-30,28,2
SI-2025-0338,2025-07-30,39,6
SI-2025-0339,2025-07-30,9,7
SI-2025-0340,2025-07-30,4,1
SI-2025-0341,2025-07-31,41,2
SI-2025-0342,2025-08-04,18,4
SI-2025-0343,2025-08-05,12,1
SI-2025-0344,2025-08-05,27,2
SI-2025-0345,2025-08-05,21,3
SI-2025-0346,2025-08-06,23,6
SI-2025-0347,2025-08-07,14,5
SI-2025-0348,2025-08-07,25,6
SI-2025-0349,2025-08-07,4,1
SI-2025-0350,2025-08-08,30,3
SI-2025-0351,2025-08-08,3,7
SI-2025-0352,2025-08-11,32,5
SI-2025-0353,2025-08-11,21,4
SI-2025-0354,2025-08-12,10,5
SI-2025-0355,2025-08-12,39,3
SI-2025-0356,2025-08-12,32,2
SI-2025-0357,2025-08-12,24,4
SI-2025-0358,2025-08-12,17,4
SI-2025-0359,2025-08-12,2,1
SI-2025-0360,2025-08-13,22,4
SI-2025-0361,2025-08-13,11,6
SI-2025-0362,2025-08-14,26,2
SI-2025-0363,2025-08-14,27,2
SI-2025-0364,2025-08-14,5,3
SI-2025-0365,2025-08-15,1,7
SI-2025-0366,2025-08-15,16,1
SI-2025-0367,2025-08-18,37,7
SI-2025-0368,2025-08-18,5,3
SI-2025-0369,2025-08-19,38,5
SI-2025-0370,2025-08-19,8,4
SI-2025-0371,2025-08-19,17,5
SI-2025-0372,2025-08-19,3,3
SI-2025-0373,2025-08-19,23,7
SI-2025-0374,2025-08-20,37,3
SI-2025-0375,2025-08-21,20,4
SI-2025-0376,2025-08-21,8,4
SI-2025-0377,2025-08-22,13,7
SI-2025-0378,2025-08-22,34,6
SI-2025-0379,2025-08-25,34,6
SI-2025-0380,2025-08-26,13,5
SI-2025-0381,2025-08-26,25,4
SI-2025-0382,2025-08-26,4,1
SI-2025-0383,2025-08-27,20,4
SI-2025-0384,2025-08-29,1,6
SI-2025-0385,2025-09-01,6,7
SI-2025-0386,2025-09-01,24,7
SI-2025-0387,2025-09-02,5,4
SI-2025-0388,2025-09-03,7,7
SI-2025-0389,2025-09-04,27,1
SI-2025-0390,2025-09-08,19,2
SI-2025-0391,2025-09-08,39,3
SI-2025-0392,2025-09-08,11,5
SI-2025-0393,2025-09-08,4,5
SI-2025-0394,2025-09-08,36,6
SI-2025-0395,2025-09-09,38,5
SI-2025-0396,2025-09-10,6,2
SI-2025-0397,2025-09-10,40,1
SI-2025-0398,2025-09-10,17,2
SI-2025-0399,2025-09-11,34,3
SI-2025-0400,2025-09-11,4,2
SI-2025-0401,2025-09-12,28,1
SI-2025-0402,2025-09-12,1,1
SI-2025-0403,2025-09-12,3,7
SI-2025-0404,2025-09-12,42,3
SI-2025-0405,2025-09-15,31,1
SI-2025-0406,2025-09-15,25,3
SI-2025-0407,2025-09-16,41,3
SI-2025-0408,2025-09-17,9,3
SI-2025-0409,2025-09-17,2,1
SI-2025-0410,2025-09-18,31,2
SI-2025-0411,2025-09-18,24,4
SI-2025-0412,2025-09-18,40,5
SI-2025-0413,2025-09-19,19,4
SI-2025-0414,2025-09-19,18,3
SI-2025-0415,2025-09-19,23,4
SI-2025-0416,2025-09-22,13,5
SI-2025-0417,2025-09-22,8,7
SI-2025-0418,2025-09-22,16,5
SI-2025-0419,2025-09-22,5,5
SI-2025-0420,2025-09-23,14,1
SI-2025-0421,2025-09-23,18,4
SI-2025-0422,2025-09-23,23,7
SI-2025-0423,2025-09-24,28,2
SI-2025-0424,2025-09-24,1,3
SI-2025-0425,2025-09-24,9,7
SI-2025-0426,2025-09-26,29,2
SI-2025-0427,2025-09-26,39,3
SI-2025-0428,2025-09-26,33,7
SI-2025-0429,2025-09-26,35,3
SI-2025-0430,2025-09-30,36,4
SI-2025-0431,2025-09-30,15,3
SI-2025-0432,2025-10-01,6,1
SI-2025-0433,2025-10-01,8,1
SI-2025-0434,2025-10-02,28,3
SI-2025-0435,2025-10-02,37,1
SI-2025-0436,2025-10-03,26,5
SI-2025-0437,2025-10-03,41,6
SI-2025-0438,2025-10-06,36,2
SI-2025-0439,2025-10-07,26,1
SI-2025-0440,2025-10-07,34,5
SI-2025-0441,2025-10-08,21,7
SI-2025-0442,2025-10-09,14,1
SI-2025-0443,2025-10-09,1,7
SI-2025-0444,2025-10-09,16,1
SI-2025-0445,2025-10-09,2,7
SI-2025-0446,2025-10-10,36,1
SI-2025-0447,2025-10-13,38,3
SI-2025-0448,2025-10-13,24,6
SI-2025-0449,2025-10-13,4,5
SI-2025-0450,2025-10-14,16,3
SI-2025-0451,2025-10-14,15,6
SI-2025-0452,2025-10-15,12,5
SI-2025-0453,2025-10-15,27,2
SI-2025-0454,2025-10-15,9,5
SI-2025-0455,2025-10-17,19,1
SI-2025-0456,2025-10-17,19,4
SI-2025-0457,2025-10-17,9,6
SI-2025-0458,2025-10-20,6,1
SI-2025-0459,2025-10-20,21,7
SI-2025-0460,2025-10-22,20,1
SI-2025-0461,2025-10-22,28,3
SI-2025-0462,2025-10-22,39,3
SI-2025-0463,2025-10-22,41,5
SI-2025-0464,2025-10-22,33,6
SI-2025-0465,2025-10-22,40,1
SI-2025-0466,2025-10-24,3,4
SI-2025-0467,2025-10-24,23,7
SI-2025-0468,2025-10-27,27,6
SI-2025-0469,2025-10-28,20,3
SI-2025-0470,2025-10-29,8,7
SI-2025-0471,2025-10-29,12,5
SI-2025-0472,2025-10-29,17,2
SI-2025-0473,2025-10-30,1,7
SI-2025-0474,2025-10-31,24,4
SI-2025-0475,2025-11-03,19,5
SI-2025-0476,2025-11-03,26,2
SI-2025-0477,2025-11-03,8,4
SI-2025-0478,2025-11-03,23,6
SI-2025-0479,2025-11-04,41,6
SI-2025-0480,2025-11-05,7,1
SI-2025-0481,2025-11-05,1,5
SI-2025-0482,2025-11-06,22,4
SI-2025-0483,2025-11-06,8,4
SI-2025-0484,2025-11-06,30,6
SI-2025-0485,2025-11-06,17,5
SI-2025-0486,2025-11-07,20,5
SI-2025-0487,2025-11-07,9,1
SI-2025-0488,2025-11-10,12,4
SI-2025-0489,2025-11-11,37,6
SI-2025-0490,2025-11-11,11,4
SI-2025-0491,2025-11-11,35,5
SI-2025-0492,2025-11-12,32,6
SI-2025-0493,2025-11-13,6,3
SI-2025-0494,2025-11-13,3,2
SI-2025-0495,2025-11-13,5,1
SI-2025-0496,2025-11-17,22,2
SI-2025-0497,2025-11-17,28,2
SI-2025-0498,2025-11-17,2,1
SI-2025-0499,2025-11-18,39,3
SI-2025-0500,2025-11-18,21,5
SI-2025-0501,2025-11-19,37,5
SI-2025-0502,2025-11-19,12,4
SI-2025-0503,2025-11-19,3,1
SI-2025-0504,2025-11-20,14,6
SI-2025-0505,2025-11-20,32,2
SI-2025-0506,2025-11-21,14,5
SI-2025-0507,2025-11-21,10,5
SI-2025-0508,2025-11-24,1,1
SI-2025-0509,2025-11-24,17,3
SI-2025-0510,2025-11-25,29,3
SI-2025-0511,2025-11-25,41,2
SI-2025-0512,2025-11-26,26,2
SI-2025-0513,2025-11-26,30,6
SI-2025-0514,2025-11-26,33,6
SI-2025-0515,2025-11-27,28,1
SI-2025-0516,2025-11-27,10,2
SI-2025-0517,2025-11-27,34,6
SI-2025-0518,2025-11-27,23,4
SI-2025-0519,2025-11-28,16,2
SI-2025-0520,2025-11-28,9,1
SI-2025-0521,2025-12-02,6,4
SI-2025-0522,2025-12-02,28,2
SI-2025-0523,2025-12-02,10,6
SI-2025-0524,2025-12-02,41,5
SI-2025-0525,2025-12-02,8,1
SI-2025-0526,2025-12-03,7,1
SI-2025-0527,2025-12-03,4,1
SI-2025-0528,2025-12-05,15,1
SI-2025-0529,2025-12-08,23,5
SI-2025-0530,2025-12-08,23,2
SI-2025-0531,2025-12-08,35,6
SI-2025-0532,2025-12-09,16,5
SI-2025-0533,2025-12-10,18,3
SI-2025-0534,2025-12-11,19,2
SI-2025-0535,2025-12-12,13,6
SI-2025-0536,2025-12-12,11,4
SI-2025-0537,2025-12-17,39,3
SI-2025-0538,2025-12-17,17,5
SI-2025-0539,2025-12-17,17,2
SI-2025-0540,2025-12-18,25,2
SI-2025-0541,2025-12-18,3,1
SI-2025-0542,2025-12-22,26,5
SI-2025-0543,2025-12-23,38,3
SI-2025-0544,2025-12-23,28,2
SI-2025-0545,2025-12-23,1,1
SI-2025-0546,2025-12-24,11,5
SI-2025-0547,2025-12-24,1,1
SI-2025-0548,2025-12-25,13,4
SI-2025-0549,2025-12-25,31,4
SI-2025-0550,2025-12-26,8,5
SI-2025-0551,2025-12-26,24,6
SI-2025-0552,2025-12-26,42,3
SI-2025-0553,2025-12-29,19,5
SI-2025-0554,2025-12-29,26,2
SI-2025-0555,2025-12-29,24,5
SI-2025-0556,2025-12-30,7,1
SI-2025-0557,2025-12-31,39,3
SI-2025-0558,2025-12-31,3,6
SI-2025-0559,2025-12-31,5,1
SI-2026-0001,2026-01-01,22,4
SI-2026-0002,2026-01-01,1,5
SI-2026-0003,2026-01-01,33,4
SI-2026-0004,2026-01-01,21,4
SI-2026-0005,2026-01-02,6,5
SI-2026-0006,2026-01-05,20,4
SI-2026-0007,2026-01-05,10,3
SI-2026-0008,2026-01-05,32,3
SI-2026-0009,2026-01-06,41,1
SI-2026-0010,2026-01-06,12,6
SI-2026-0011,2026-01-06,36,2
SI-2026-0012,2026-01-07,14,5
SI-2026-0013,2026-01-07,11,5
SI-2026-0014,2026-01-07,30,2
SI-2026-0015,2026-01-07,27,2
SI-2026-0016,2026-01-08,10,3
SI-2026-0017,2026-01-08,1,6
SI-2026-0018,2026-01-08,33,6
SI-2026-0019,2026-01-08,21,4
SI-2026-0020,2026-01-09,16,4
SI-2026-0021,2026-01-09,27,1
SI-2026-0022,2026-01-12,11,6
SI-2026-0023,2026-01-12,41,3
SI-2026-0024,2026-01-13,24,4
SI-2026-0025,2026-01-14,20,4
SI-2026-0026,2026-01-14,13,5
SI-2026-0027,2026-01-15,24,4
SI-2026-0028,2026-01-15,40,2
SI-2026-0029,2026-01-15,3,3
SI-2026-0030,2026-01-16,7,1
SI-2026-0031,2026-01-16,36,4
SI-2026-0032,2026-01-19,19,5
SI-2026-0033,2026-01-19,16,1
SI-2026-0034,2026-01-19,23,1
SI-2026-0035,2026-01-20,17,4
SI-2026-0036,2026-01-21,39,3
SI-2026-0037,2026-01-21,17,6
SI-2026-0038,2026-01-22,19,6
SI-2026-0039,2026-01-23,12,5
SI-2026-0040,2026-01-26,7,1
SI-2026-0041,2026-01-27,9,2
SI-2026-0042,2026-01-28,40,1
SI-2026-0043,2026-01-28,3,6
SI-2026-0044,2026-01-28,5,2
SI-2026-0045,2026-01-28,2,1
SI-2026-0046,2026-01-30,14,5
SI-2026-0047,2026-02-02,20,8
SI-2026-0048,2026-02-02,18,3
SI-2026-0049,2026-02-02,3,1
SI-2026-0050,2026-02-03,26,2
SI-2026-0051,2026-02-05,9,1
SI-2026-0052,2026-02-05,3,3
SI-2026-0053,2026-02-06,10,5
SI-2026-0054,2026-02-06,13,6
SI-2026-0055,2026-02-06,25,2
SI-2026-0056,2026-02-06,33,1
SI-2026-0057,2026-02-09,1,1
SI-2026-0058,2026-02-09,35,1
SI-2026-0059,2026-02-10,28,2
SI-2026-0060,2026-02-10,24,2
SI-2026-0061,2026-02-10,27,8
SI-2026-0062,2026-02-11,28,2
SI-2026-0063,2026-02-11,27,3
SI-2026-0064,2026-02-12,31,6
SI-2026-0065,2026-02-12,41,3
SI-2026-0066,2026-02-12,34,6
SI-2026-0067,2026-02-12,15,3
SI-2026-0068,2026-02-12,15,8
SI-2026-0069,2026-02-13,24,5
SI-2026-0070,2026-02-17,34,2
SI-2026-0071,2026-02-18,37,6
SI-2026-0072,2026-02-18,26,5
SI-2026-0073,2026-02-18,1,1
SI-2026-0074,2026-02-18,16,5
SI-2026-0075,2026-02-19,29,2
SI-2026-0076,2026-02-19,39,3
SI-2026-0077,2026-02-19,23,6
SI-2026-0078,2026-02-20,33,1
SI-2026-0079,2026-02-23,31,4
SI-2026-0080,2026-02-23,16,3
SI-2026-0081,2026-02-23,21,4
SI-2026-0082,2026-02-23,5,1
SI-2026-0083,2026-02-24,14,5
SI-2026-0084,2026-02-24,17,5
SI-2026-0085,2026-02-24,4,1
SI-2026-0086,2026-02-24,36,4
SI-2026-0087,2026-02-25,22,1
SI-2026-0088,2026-02-25,7,1
SI-2026-0089,2026-02-25,6,1
SI-2026-0090,2026-02-25,8,5
SI-2026-0091,2026-02-25,21,4
SI-2026-0092,2026-02-27,38,3
SI-2026-0093,2026-02-27,10,1
SI-2026-0094,2026-02-27,13,5
SI-2026-0095,2026-02-27,8,5
SI-2026-0096,2026-02-27,2,1
SI-2026-0097,2026-02-27,35,6
SI-2026-0098,2026-03-02,42,4
SI-2026-0099,2026-03-03,22,4
SI-2026-0100,2026-03-03,21,2
SI-2026-0101,2026-03-03,23,4
SI-2026-0102,2026-03-04,7,1
SI-2026-0103,2026-03-04,34,3
SI-2026-0104,2026-03-09,28,2
SI-2026-0105,2026-03-10,14,5
SI-2026-0106,2026-03-10,35,2
SI-2026-0107,2026-03-11,9,8
SI-2026-0108,2026-03-12,37,1
SI-2026-0109,2026-03-12,9,6
SI-2026-0110,2026-03-13,22,4
SI-2026-0111,2026-03-13,6,3
SI-2026-0112,2026-03-13,19,8
SI-2026-0113,2026-03-13,24,6
SI-2026-0114,2026-03-13,24,6
SI-2026-0115,2026-03-13,21,4
SI-2026-0116,2026-03-13,36,6
SI-2026-0117,2026-03-16,13,8
SI-2026-0118,2026-03-16,4,1
SI-2026-0119,2026-03-16,15,5
SI-2026-0120,2026-03-16,35,8
SI-2026-0121,2026-03-17,41,5
SI-2026-0122,2026-03-17,3,6
SI-2026-0123,2026-03-18,19,4
SI-2026-0124,2026-03-18,1,5
SI-2026-0125,2026-03-18,30,5
SI-2026-0126,2026-03-19,8,5
SI-2026-0127,2026-03-19,36,1
SI-2026-0128,2026-03-20,8,1
SI-2026-0129,2026-03-20,1,1
SI-2026-0130,2026-03-20,25,4
SI-2026-0131,2026-03-20,2,1
SI-2026-0132,2026-03-23,38,1
SI-2026-0133,2026-03-24,28,2
SI-2026-0134,2026-03-24,41,3
SI-2026-0135,2026-03-24,32,4
SI-2026-0136,2026-03-24,33,6
SI-2026-0137,2026-03-26,7,6
SI-2026-0138,2026-03-26,37,8
SI-2026-0139,2026-03-26,26,5
SI-2026-0140,2026-03-26,16,5
SI-2026-0141,2026-03-27,27,1
SI-2026-0142,2026-03-27,17,5
SI-2026-0143,2026-03-30,10,8
SI-2026-0144,2026-03-30,11,1
SI-2026-0145,2026-03-31,27,4
SI-2026-0146,2026-03-31,5,8
SI-2026-0147,2026-03-31,2,1
SI-2026-0148,2026-04-01,24,8
SI-2026-0149,2026-04-01,17,1
SI-2026-0150,2026-04-01,15,5
SI-2026-0151,2026-04-02,28,2
SI-2026-0152,2026-04-02,37,8
SI-2026-0153,2026-04-02,11,8
SI-2026-0154,2026-04-02,41,5
SI-2026-0155,2026-04-02,21,4
SI-2026-0156,2026-04-02,3,3
SI-2026-0157,2026-04-03,29,8
SI-2026-0158,2026-04-03,17,1
SI-2026-0159,2026-04-06,10,4
SI-2026-0160,2026-04-06,24,3
SI-2026-0161,2026-04-07,12,3
SI-2026-0162,2026-04-07,34,6
SI-2026-0163,2026-04-07,40,1
SI-2026-0164,2026-04-08,3,3
SI-2026-0165,2026-04-09,28,2
SI-2026-0166,2026-04-09,10,8
SI-2026-0167,2026-04-09,4,6
SI-2026-0168,2026-04-10,8,1
SI-2026-0169,2026-04-10,16,6
SI-2026-0170,2026-04-10,23,2
SI-2026-0171,2026-04-10,2,5
SI-2026-0172,2026-04-13,25,8
SI-2026-0173,2026-04-14,6,1
SI-2026-0174,2026-04-14,39,5
SI-2026-0175,2026-04-14,5,6
SI-2026-0176,2026-04-15,18,8
SI-2026-0177,2026-04-15,5,5
SI-2026-0178,2026-04-16,20,5
SI-2026-0179,2026-04-16,32,4
SI-2026-0180,2026-04-16,1,6
SI-2026-0181,2026-04-16,12,5
SI-2026-0182,2026-04-17,32,6
SI-2026-0183,2026-04-20,14,1
SI-2026-0184,2026-04-20,26,2
SI-2026-0185,2026-04-20,8,1
SI-2026-0186,2026-04-21,22,3
SI-2026-0187,2026-04-21,37,1
SI-2026-0188,2026-04-22,20,4
SI-2026-0189,2026-04-22,19,8
SI-2026-0190,2026-04-22,30,3
SI-2026-0191,2026-04-23,31,4
SI-2026-0192,2026-04-23,34,3
SI-2026-0193,2026-04-24,31,1
SI-2026-0194,2026-04-24,26,5
SI-2026-0195,2026-04-24,11,5
SI-2026-0196,2026-04-24,25,4
SI-2026-0197,2026-04-24,16,5
SI-2026-0198,2026-04-24,27,8
SI-2026-0199,2026-04-24,23,8
SI-2026-0200,2026-04-27,4,4
SI-2026-0201,2026-04-27,2,3
SI-2026-0202,2026-04-28,29,2
SI-2026-0203,2026-04-28,42,3
SI-2026-0204,2026-04-29,36,6
SI-2026-0205,2026-04-30,1,1
SI-2026-0206,2026-05-01,29,2
SI-2026-0207,2026-05-01,21,5
SI-2026-0208,2026-05-04,39,3
SI-2026-0209,2026-05-04,25,5
SI-2026-0210,2026-05-05,9,1
SI-2026-0211,2026-05-05,5,4
SI-2026-0212,2026-05-05,15,5
SI-2026-0213,2026-05-06,29,4
SI-2026-0214,2026-05-06,6,4
SI-2026-0215,2026-05-06,30,3
SI-2026-0216,2026-05-07,22,4
SI-2026-0217,2026-05-08,9,2
SI-2026-0218,2026-05-08,21,1
SI-2026-0219,2026-05-08,35,6
SI-2026-0220,2026-05-11,10,1
SI-2026-0221,2026-05-11,8,6
SI-2026-0222,2026-05-11,4,1
SI-2026-0223,2026-05-12,37,3
SI-2026-0224,2026-05-12,32,2
SI-2026-0225,2026-05-12,40,3
SI-2026-0226,2026-05-13,16,2
SI-2026-0227,2026-05-13,4,4
SI-2026-0228,2026-05-13,36,2
SI-2026-0229,2026-05-14,10,5
SI-2026-0230,2026-05-15,19,8
SI-2026-0231,2026-05-15,39,4
SI-2026-0232,2026-05-18,38,3
SI-2026-0233,2026-05-18,34,5
SI-2026-0234,2026-05-18,15,1
SI-2026-0235,2026-05-18,35,5
SI-2026-0236,2026-05-19,6,1
SI-2026-0237,2026-05-19,12,1
SI-2026-0238,2026-05-19,25,6
SI-2026-0239,2026-05-19,17,1
SI-2026-0240,2026-05-20,24,6
SI-2026-0241,2026-05-20,17,2
SI-2026-0242,2026-05-20,23,5
SI-2026-0243,2026-05-21,14,5
SI-2026-0244,2026-05-21,16,1
SI-2026-0245,2026-05-22,11,6
SI-2026-0246,2026-05-22,30,2
SI-2026-0247,2026-05-25,22,8
SI-2026-0248,2026-05-25,20,1
SI-2026-0249,2026-05-25,37,6
SI-2026-0250,2026-05-25,31,2
SI-2026-0251,2026-05-25,31,3
SI-2026-0252,2026-05-25,1,4
SI-2026-0253,2026-05-25,1,4
SI-2026-0254,2026-05-27,13,1
SI-2026-0255,2026-05-28,38,3
SI-2026-0256,2026-05-28,7,1
SI-2026-0257,2026-05-28,23,4
SI-2026-0258,2026-05-29,36,2
SI-2026-0259,2026-06-01,26,5
SI-2026-0260,2026-06-01,1,2
SI-2026-0261,2026-06-01,24,4
SI-2026-0262,2026-06-01,34,5
SI-2026-0263,2026-06-02,28,5
SI-2026-0264,2026-06-03,31,1
SI-2026-0265,2026-06-04,11,6
SI-2026-0266,2026-06-04,4,1
SI-2026-0267,2026-06-04,3,2
SI-2026-0268,2026-06-05,38,3
SI-2026-0269,2026-06-05,8,1
SI-2026-0270,2026-06-05,16,1
SI-2026-0271,2026-06-05,17,5
SI-2026-0272,2026-06-08,31,2
SI-2026-0273,2026-06-08,41,8
SI-2026-0274,2026-06-08,35,4
SI-2026-0275,2026-06-09,14,5
SI-2026-0276,2026-06-10,24,2
SI-2026-0277,2026-06-10,36,6
SI-2026-0278,2026-06-10,35,2
SI-2026-0279,2026-06-11,29,6
SI-2026-0280,2026-06-11,19,5
SI-2026-0281,2026-06-15,28,6
SI-2026-0282,2026-06-15,5,8
SI-2026-0283,2026-06-16,7,1
SI-2026-0284,2026-06-17,17,8
SI-2026-0285,2026-06-17,23,4
SI-2026-0286,2026-06-18,14,5
SI-2026-0287,2026-06-18,9,2
SI-2026-0288,2026-06-18,4,6
SI-2026-0289,2026-06-19,1,6
SI-2026-0290,2026-06-19,2,8
SI-2026-0291,2026-06-22,40,8
SI-2026-0292,2026-06-23,20,4
SI-2026-0293,2026-06-23,40,6
SI-2026-0294,2026-06-24,38,1
SI-2026-0295,2026-06-24,7,4
SI-2026-0296,2026-06-24,34,3
SI-2026-0297,2026-06-24,23,8
SI-2026-0298,2026-06-25,13,6
SI-2026-0299,2026-06-25,41,2
SI-2026-0300,2026-06-25,16,4
SI-2026-0301,2026-06-25,21,4
SI-2026-0302,2026-06-25,36,3
SI-2026-0303,2026-06-26,19,8
SI-2026-0304,2026-06-26,9,2
SI-2026-0220,2026-05-11,10,1
SI-2026-0221,2026-05-11,8,6
SI-2026-0222,2026-05-11,4,1
SI-2026-0223,2026-05-12,37,3
SI-2026-0224,2026-05-12,32,2
